mu1,mu2,mu3,mu4
0.614562007,0.491376685,0.437969508,0.332901573
0.597142708,0.392064182,0.415210558,0.293404376
0.585633068,0.403068685,0.422637366,0.426323176
0.667616895,0.393797851,0.401077551,0.439883438
0.487421879,0.457188116,0.319574384,0.488247936
0.614133604,0.45100624,0.272886054,0.538654418
0.638890471,0.391556312,0.240509656,0.518520926
0.592209626,0.420195038,0.336216128,0.53640644
0.608335374,0.333940697,0.275282535,0.455495351
0.605385377,0.45846736,0.304166562,0.389632607
0.618545296,0.394488553,0.333289812,0.301304328
0.550390775,0.490141468,0.394591126,0.475895089
0.499848995,0.416258291,0.314736291,0.388862514
0.523685622,0.424436747,0.330962751,0.383060344
0.523702123,0.439676911,0.343997816,0.416709792
0.584511474,0.505230979,0.209182546,0.373677034
0.491819822,0.572616776,0.290277582,0.39017
0.538146261,0.543546668,0.243917125,0.437093798
0.453699054,0.44812777,0.266528259,0.373336742
0.53623843,0.478366854,0.17334577,0.368449743
0.576398157,0.503165819,0.248542901,0.32349969
0.538233196,0.444626449,0.305183534,0.327835129
0.524449814,0.645541814,0.309730604,0.364975163
0.528497244,0.542523465,0.283418798,0.379863583
0.464618478,0.633241955,0.314055058,0.383525553
0.519809022,0.648294349,0.31426333,0.32161122
0.48589498,0.654342078,0.363115036,0.353281836
0.539497786,0.616206546,0.380887019,0.332459289
0.575356779,0.545025157,0.348433675,0.503279372
0.544821268,0.593582392,0.248899183,0.507180207
0.487093392,0.594184389,0.32493813,0.556088362
0.489265177,0.682742509,0.389042322,0.464121865
0.423425191,0.678323051,0.398832246,0.523701824
0.372493728,0.550891442,0.464248425,0.535542281
0.537182837,0.563383235,0.350125035,0.467328921
0.39122613,0.535986234,0.376093974,0.386735132
0.502842558,0.573381614,0.452798787,0.412790374
0.497473666,0.578084745,0.587186108,0.337303866
0.450147214,0.524429211,0.512963015,0.426437476
0.427581563,0.556127772,0.500977285,0.38419016
0.323560831,0.563732782,0.54010848,0.335026608
0.405607039,0.531973744,0.471253418,0.303827097
0.429527717,0.547013437,0.510790613,0.459868297
0.353346283,0.552480403,0.481562343,0.510287991
0.390197252,0.523662956,0.436115483,0.440423088
0.441954489,0.534668889,0.513315802,0.404757884
0.439718164,0.583915859,0.618273611,0.445830525
0.423492138,0.521166918,0.523919437,0.423740672
0.454863765,0.549590118,0.464331841,0.442198325
0.41107244,0.478931676,0.505746381,0.518726291
0.346441545,0.541843308,0.56987125,0.520762439
0.405037713,0.458907111,0.491934679,0.500670874
0.372964545,0.47807405,0.506102964,0.512641988
0.276939369,0.504922248,0.439370963,0.49181192
0.298364406,0.486469632,0.532577838,0.502322212
0.352929417,0.547681758,0.417609473,0.461192
0.283324635,0.514244801,0.48620523,0.506474605
0.233382402,0.504030018,0.463701844,0.446957623
0.254156574,0.549341315,0.485275156,0.479574562
0.344238175,0.479934685,0.524441442,0.595976984
0.278917963,0.480708515,0.472672883,0.471317251
0.326129701,0.540840886,0.431330866,0.468736311
0.377986573,0.53377197,0.467580771,0.422694809
0.234218584,0.575363528,0.542856942,0.407468257
0.360605358,0.583931875,0.531171375,0.373004839
0.369728415,0.577198486,0.507183789,0.472701866
0.306036459,0.613243575,0.557760402,0.412219273
0.312612136,0.620805959,0.634252482,0.538772493
0.35460798,0.6531249,0.583171026,0.358330361
0.290666169,0.532884845,0.605099229,0.442995582
0.371601161,0.517484554,0.551296933,0.478816972
0.415494621,0.517561836,0.618045274,0.524559393
0.337294747,0.543606094,0.685403714,0.475138484
0.329654964,0.506744184,0.692399421,0.525398472
0.385691197,0.544859824,0.713430721,0.581094029
