,GMMT,MMT_index,CS_JE,CS_DS,CS_ST,CS_TS,CS_OSC,CS_CSC,CS,Age,Race,Gender,Class,EE,earning,exploration
0,1.0,4.100328358208955,5.75,5.75,3.0,5.5,6.333333333333333,5.25,5.263888888888888,20,Caucasian (or White),Female,Sophomore,0.4180602006688963,167.37551860000002,0.10740550758527728
1,0.665,2.654193548387097,5.25,3.0,3.0,4.5,6.0,2.25,4.0,18,Asian American (or Pacific Islander),Female,Sophomore,0.5518394648829431,162.29544074299997,0.12934658469878205
2,0.665,2.84515625,5.0,5.75,4.0,4.0,6.0,5.25,5.0,19,Mixed race or ethnicity,Female,Sophomore,0.4648829431438127,163.35815728199998,0.12164436992539499
3,0.33,6.538787234042552,5.5,6.0,4.0,5.25,3.0,2.75,4.416666666666667,18,Asian,Female,Freshman,0.568561872909699,161.67578867400002,0.13348972491299882
4,0.67,4.6703846153846165,6.5,4.75,3.75,3.0,5.0,2.25,4.208333333333333,19,Asian,Female,Freshman,0.5284280936454849,167.264502279,0.11248426240236992
5,0.67,3.682920353982301,4.5,3.75,4.25,2.0,5.333333333333333,4.25,4.013888888888888,20,Asian,Male,Junior,0.3511705685618729,170.532588529,0.09274809367469994
6,0.5,5.836447368421053,6.0,2.5,3.5,3.5,6.333333333333333,6.0,4.638888888888888,23,Hispanic American (or Latino),Male,Senior,0.3712374581939799,167.02877128199998,0.10135171979129719
7,0.5,2.623804347826087,2.25,1.5,4.75,4.0,2.6666666666666665,4.0,3.194444444444444,25,Asian,Female,Senior,0.2976588628762542,171.868093333,0.08153081376599262
8,1.0,8.900024509803922,5.5,5.25,3.25,5.25,5.333333333333333,4.0,4.763888888888888,19,Asian American (or Pacific Islander),Female,Sophomore,0.1672240802675585,171.89758445299998,0.06580239991035616
9,0.67,8.474295652173913,4.0,2.75,3.0,4.0,3.6666666666666665,3.75,3.527777777777778,19,Asian,Male,Sophomore,0.4247491638795986,159.093167803,0.12814098720332587
10,0.67,4.837857142857144,3.0,3.75,5.25,3.5,5.333333333333333,5.25,4.347222222222222,18,Hispanic American (or Latino),Female,Freshman,0.4046822742474916,166.211512815,0.10555793420001557
11,0.5,5.648698884758365,4.0,4.0,4.0,4.0,4.0,4.0,4.0,,Asian American (or Pacific Islander),Female,Junior,0.3076923076923077,165.166078514,0.0981995621104686
12,0.835,6.621374527112232,5.75,3.25,4.0,3.5,6.0,6.5,4.833333333333333,20,African American (or Black),Female,Junior,0.4782608695652174,164.00841216,0.11127541791395365
13,0.835,5.627514450867052,5.25,3.5,3.0,3.0,5.333333333333333,5.5,4.263888888888888,44,Caucasian (or White),Female,Junior,0.4147157190635451,166.13621581799998,0.10845377917467691
14,0.665,4.40288,5.75,6.5,3.25,3.0,6.333333333333333,6.0,5.138888888888888,24,Asian,Male,Junior,0.1806020066889632,171.594113853,0.06472576915764001
15,0.165,2.789194915254237,3.25,3.5,5.25,4.25,4.666666666666667,3.0,3.986111111111111,18,Asian American (or Pacific Islander),Female,Freshman,0.2408026755852843,160.645926565,0.10141368068197558
16,0.33,6.769959432048682,4.0,4.0,4.75,4.25,3.0,4.25,4.041666666666667,19,Asian,Male,Sophomore,0.2508361204013378,170.401867009,0.07853013366376632
17,0.5,4.117453183520599,2.75,4.0,3.5,4.5,6.666666666666667,4.0,4.236111111111112,21,Hispanic American (or Latino),Male,Senior,0.3812709030100334,166.50960835899997,0.09977405516408579
18,0.33,4.203756097560976,6.25,5.25,4.5,4.5,4.0,4.0,4.75,19,Hispanic American (or Latino),Male,Sophomore,0.391304347826087,167.23965461,0.09653187196603992
19,1.0,3.412131147540984,5.25,5.0,3.0,5.25,7.0,5.75,5.208333333333333,19,Hispanic,Female,Sophomore,0.334448160535117,168.46211606,0.08956426033303058
20,1.0,6.939189189189189,4.75,4.5,3.5,5.25,5.0,4.75,4.625,18,Asian,Female,Freshman,0.3712374581939799,168.86371213400002,0.09141550387384242
21,0.67,5.495088495575221,3.5,5.0,4.0,2.0,5.0,3.75,3.875,23,Asian,Female,Senior,0.3110367892976589,173.68646247499998,0.08468119065957573
22,1.0,10.060855263157896,5.0,1.75,2.5,6.5,6.333333333333333,7.0,4.847222222222222,20,Caucasian (or White),Female,Sophomore,0.4448160535117056,166.312811485,0.10581753304646722
23,0.33,2.7961310782241013,7.0,7.0,6.0,2.5,6.333333333333333,6.0,5.8055555555555545,18,Asian,Female,Freshman,0.0903010033444816,170.361785046,0.0589131040312311
24,0.67,4.548114035087719,6.0,1.25,1.5,4.25,5.0,5.0,3.8333333333333335,22,Asian,Female,Sophomore,0.4448160535117056,167.79926585599998,0.09822710219550217
25,1.0,5.71,4.25,3.75,3.0,3.75,4.666666666666667,7.0,4.402777777777778,21,Mixed race or ethnicity,Female,Senior,0.1337792642140468,175.492677716,0.061429498023752006
26,0.67,5.803122866894197,4.25,3.5,3.0,5.25,5.333333333333333,6.5,4.638888888888888,19,Asian,Female,Sophomore,0.2341137123745819,171.423125172,0.07427139004758133
27,1.0,1.5932000000000002,6.0,5.25,6.0,4.25,5.666666666666667,6.5,5.611111111111112,21,Asian American (or Pacific Islander),Female,Senior,0.1638795986622073,175.100258425,0.0610423562489365
28,0.165,1.729393939393939,5.0,2.25,3.5,4.5,4.333333333333333,6.75,4.388888888888888,20,Caucasian (or White),Female,Senior,0.2709030100334448,168.339260459,0.07837197485796729
29,0.5,3.285357142857143,4.75,3.75,3.0,4.25,3.0,2.25,3.5,21,Mixed race or ethnicity,Male,Sophomore,0.4882943143812709,160.06170861099997,0.1346274452277459
30,1.0,3.087516339869281,4.75,3.25,4.75,3.75,4.0,2.25,3.7916666666666665,20,Asian,Female,Junior,0.157190635451505,175.276996339,0.06689735585351939
31,1.0,3.738352490421456,5.0,1.5,3.5,6.25,7.0,4.0,4.541666666666667,21,Asian American (or Pacific Islander),Female,Senior,0.217391304347826,171.17608858300002,0.07784210653210928
32,1.0,2.283103448275862,5.75,5.0,4.75,5.75,6.0,5.5,5.458333333333333,19,Caucasian (or White),Female,Sophomore,0.3511705685618729,162.50826382,0.10827821742514401
33,0.67,2.9043076923076927,4.5,5.75,4.0,3.75,5.333333333333333,4.5,4.638888888888888,21,Asian American (or Pacific Islander),Female,Senior,0.2642140468227424,169.554609675,0.07733905772904898
34,0.835,4.337487684729064,4.25,3.75,4.25,3.75,5.0,3.0,4.0,27,Asian American (or Pacific Islander),Female,Senior,0.3812709030100334,168.20023181800002,0.09854462541311593
35,0.835,5.512113402061856,6.0,4.5,4.75,2.75,6.333333333333333,5.0,4.888888888888888,18,Caucasian (or White),Male,Freshman,0.2709030100334448,172.59717918799998,0.0763381100174198
36,1.0,9.85076923076923,5.75,7.0,5.0,5.5,6.333333333333333,5.0,5.763888888888888,18,Hispanic American (or Latino),Male,Freshman,0.197324414715719,170.695411445,0.08366255035939804
37,0.835,1.0954639175257734,4.0,1.5,3.5,2.5,1.0,2.75,2.5416666666666665,22,Asian,Female,Senior,0.1872909698996655,171.80615977,0.06825281714715713
38,0.67,5.581263157894736,5.5,5.5,3.5,2.5,5.666666666666667,5.5,4.694444444444445,24,Mixed race or ethnicity,Male,Junior,0.2909698996655518,170.20791857900002,0.0852536029220425
39,0.33,6.0538,4.75,3.0,5.75,6.0,7.0,5.75,5.375,18,Caucasian (or White),Female,Freshman,0.3812709030100334,162.671839777,0.10754188049858732
40,0.67,3.5168965517241384,4.0,5.75,4.0,5.0,3.6666666666666665,3.25,4.277777777777778,20,Asian American (or Pacific Islander),Female,Junior,0.31438127090301,165.24002162699998,0.09414829380431197
41,0.835,2.611111111111111,4.5,2.75,1.75,4.25,4.666666666666667,3.75,3.611111111111111,20,Asian,Female,Junior,0.391304347826087,160.90059436,0.11653534444900554
42,1.0,3.3324242424242425,6.0,6.25,4.25,4.0,4.666666666666667,1.5,4.444444444444445,18,Hispanic American (or Latino),Female,Freshman,0.3411371237458194,168.212366466,0.09887015553990941
43,0.835,1.073490566037736,5.75,5.25,3.25,5.25,6.0,3.75,4.875,22,Hispanic American (or Latino),Male,Senior,0.2441471571906354,170.80722937899998,0.07560318487839203
44,0.835,5.233278688524591,6.5,3.75,4.5,5.75,6.0,5.5,5.333333333333333,20,Asian,Female,Junior,0.3946488294314381,166.796957644,0.10194559469977503
45,0.835,2.2396000000000003,4.5,3.75,5.25,2.25,5.666666666666667,5.75,4.527777777777778,19,Asian American (or Pacific Islander),Female,Sophomore,0.2374581939799331,172.33417183499998,0.07215175114586964
46,0.67,2.3402941176470584,2.75,1.5,3.0,3.0,4.666666666666667,1.5,2.736111111111111,20,Caucasian (or White),Male,Junior,0.3043478260869565,166.524023918,0.09369492310330042
47,0.5,5.43306784660767,4.5,4.75,3.5,3.5,4.333333333333333,2.5,3.847222222222222,21,Hispanic American (or Latino),Female,Junior,0.3946488294314381,166.87321387,0.10328190000313432
48,1.0,3.755945945945946,4.5,4.5,5.75,3.5,6.333333333333333,6.0,5.097222222222222,20,Caucasian (or White),Female,Junior,0.217391304347826,171.95098351899998,0.06744324856825282
49,0.835,6.328846153846154,5.0,4.75,5.25,4.5,6.333333333333333,4.5,5.055555555555555,19,Asian,Female,Sophomore,0.3578595317725752,168.597642245,0.09038782248596637
50,0.5,3.41964705882353,3.25,5.5,5.25,2.0,5.0,5.0,4.333333333333333,22,Asian,Female,Senior,0.1939799331103679,174.969699405,0.06816026957349845
51,0.5,1.2285882352941178,4.75,2.0,4.25,3.75,2.333333333333333,4.5,3.597222222222222,21,Asian American (or Pacific Islander),Female,Senior,0.1672240802675585,170.76423595,0.06503093792617476
52,0.67,5.148571428571429,4.25,4.75,4.75,4.25,5.0,4.5,4.583333333333333,18,Asian American (or Pacific Islander),Female,Freshman,0.4816053511705686,167.246325013,0.1087417790199123
53,1.0,4.138439716312057,5.5,5.25,4.5,3.75,4.666666666666667,4.25,4.652777777777778,20,Caucasian (or White),Female,Sophomore,0.3177257525083612,165.581400069,0.09726226862570476
54,1.0,7.37609375,5.75,4.25,4.25,4.5,4.0,6.5,4.875,22,Asian,Female,Senior,0.2508361204013378,170.34920527100002,0.07853675600421456
55,1.0,2.094193548387097,2.0,2.0,4.5,2.5,4.333333333333333,3.25,3.097222222222222,21,Asian American (or Pacific Islander),Female,Senior,0.3377926421404682,170.386935102,0.09204208028900214
56,0.835,6.1476775147929,5.0,3.5,5.25,5.25,6.666666666666667,7.0,5.4444444444444455,20,Caucasian (or White),Female,Sophomore,0.4615384615384615,164.27095253299998,0.12091569676990922
57,0.67,4.388965517241379,4.25,3.75,3.0,4.75,4.0,4.75,4.083333333333333,22,Asian,Female,Senior,0.3177257525083612,167.460867686,0.09439840467691381
58,0.835,1.7880645161290325,6.25,5.75,3.75,4.75,7.0,6.5,5.666666666666667,21,Asian,Female,Senior,0.3812709030100334,165.743506371,0.10111922877879326
59,0.67,5.755991379310344,5.5,4.75,3.25,4.75,6.0,4.0,4.708333333333333,24,Other,Male,Senior,0.2876254180602006,171.797877631,0.07747479265585253
60,0.5,4.811515151515151,6.0,3.25,4.0,4.5,6.666666666666667,3.75,4.694444444444445,18,Caucasian (or White),Gender queer/Gender nonconforming,Freshman,0.3879598662207358,166.58553887300002,0.09933685018905966
61,1.0,9.036960784313726,4.25,2.75,4.5,2.5,6.333333333333333,6.75,4.513888888888888,20,Asian,Female,Freshman,0.6622073578595318,159.490431887,0.14807584848899377
62,0.5,4.223877551020409,4.0,4.0,4.0,4.0,4.0,4.0,4.0,20,Asian American (or Pacific Islander),Female,Junior,0.3210702341137124,172.024055961,0.08893365432894491
63,0.835,4.452172413793104,6.0,6.5,3.5,4.75,6.333333333333333,4.5,5.263888888888888,21,Asian American (or Pacific Islander),Male,Junior,0.3812709030100334,164.99036969899998,0.11125409057070326
64,0.67,2.5033333333333334,5.5,2.0,2.75,5.25,6.333333333333333,5.75,4.597222222222222,18,Asian American (or Pacific Islander),Female,Freshman,0.3377926421404682,169.13463686400002,0.08762668855645493
65,0.67,1.6223076923076925,4.25,2.5,3.5,2.0,6.0,6.25,4.083333333333333,24,Asian,Male,Senior,0.1638795986622073,174.83039333399998,0.06447497312148309
66,0.67,4.956031746031746,5.75,4.0,2.75,5.5,6.0,6.5,5.083333333333333,19,Caucasian (or White),Female,Sophomore,0.4448160535117056,160.91658653500002,0.12459017624006202
67,1.0,4.343478260869565,5.25,5.25,3.5,3.5,4.0,2.0,3.9166666666666665,23,Hispanic,Female,Senior,0.4581939799331103,164.788438223,0.10895237010108953
68,0.665,3.6215,5.0,3.5,5.25,4.75,4.0,2.75,4.208333333333333,18,Caucasian (or White),Female,Freshman,0.3846153846153846,164.852120083,0.1106235108663804
69,0.67,3.133396226415095,4.5,3.5,3.75,4.5,4.333333333333333,4.25,4.138888888888888,19,Asian,Male,Sophomore,0.2408026755852843,174.06120553399998,0.07534020429467622
70,0.335,1.8089655172413797,6.0,3.0,2.5,4.75,5.0,2.0,3.875,19,Caucasian (or White),Male,Freshman,0.4816053511705686,163.068711054,0.11948943691430736
71,0.5,8.813354838709676,3.25,4.75,5.0,5.75,4.0,5.25,4.666666666666667,21,Asian,Male,Junior,0.3043478260869565,171.157571768,0.08353915299055009
72,0.5,5.9614215686274505,5.75,4.25,3.5,3.75,5.666666666666667,4.75,4.611111111111112,19,Asian,Gender queer/Gender nonconforming,Sophomore,0.5618729096989966,159.843384541,0.13272468927359002
73,0.67,3.4263235294117647,5.0,4.5,3.0,4.5,5.0,5.25,4.541666666666667,21,Asian American (or Pacific Islander),Male,Senior,0.2073578595317725,169.368610568,0.07025252246617066
74,0.5,3.283064516129032,3.25,4.75,6.0,3.75,7.0,7.0,5.291666666666667,18,Caucasian (or White),Female,Freshman,0.4882943143812709,159.87158578499998,0.13725036810670158
75,0.67,1.9547058823529413,3.5,2.75,3.75,3.5,4.666666666666667,3.0,3.527777777777778,20,Asian,Male,Junior,0.2809364548494983,164.123212799,0.08418446712184445
76,0.67,1.7054411764705883,5.5,4.75,4.75,4.75,5.0,5.25,5.0,18,Asian,Female,Freshman,0.1337792642140468,170.49022045599995,0.06676603266075881
77,0.5,6.220957446808511,5.0,3.75,3.75,4.25,4.666666666666667,2.5,3.986111111111111,22,African American (or Black),Male,Senior,0.5183946488294314,162.564350763,0.1418198910404709
78,0.67,4.546575342465754,5.25,3.25,3.5,2.5,5.333333333333333,4.25,4.013888888888888,20,Caucasian (or White),Female,Junior,0.3444816053511705,172.154563002,0.08716664110314852
79,0.5,4.730777777777777,4.25,5.25,4.75,4.5,4.666666666666667,5.5,4.819444444444445,18,Hispanic American (or Latino),Female,Freshman,0.4381270903010033,166.265934534,0.11794389619849677
80,0.67,4.158617886178862,5.0,5.5,3.75,2.75,4.666666666666667,4.5,4.361111111111112,19,Asian American (or Pacific Islander),Female,Junior,0.6120401337792643,161.806121694,0.15191736710721876
81,0.5,3.020227272727273,4.5,6.25,5.0,5.0,5.0,5.0,5.125,19,Asian American (or Pacific Islander),Female,Sophomore,0.2909698996655518,170.107589165,0.0800447447116878
82,0.335,2.7826744186046515,4.5,6.0,4.0,2.75,5.0,3.5,4.291666666666667,22,Asian,Female,Senior,0.2508361204013378,170.420201448,0.07839439187076856
83,0.67,3.478421052631578,5.5,3.5,3.75,4.5,5.666666666666667,5.25,4.694444444444445,20,Asian,Male,Junior,0.2207357859531772,173.431090449,0.0690679447566095
84,0.5,1.7697142857142856,4.25,3.25,4.75,3.0,5.0,5.5,4.291666666666667,20,Asian,Female,Sophomore,0.2441471571906354,168.75289864799998,0.07710556772555066
85,0.67,2.281298701298701,3.25,3.0,4.5,6.0,5.666666666666667,5.0,4.569444444444445,1o,Mixed race or ethnicity,Female,Sophomore,0.2642140468227424,169.867194247,0.07439547346625014
86,0.835,5.110971659919028,5.0,5.5,3.75,4.25,6.0,4.5,4.833333333333333,18,Hispanic American (or Latino),Female,Freshman,0.5351170568561873,163.287101095,0.11973138340881914
87,0.33,4.485274725274726,4.75,4.75,3.5,2.0,6.333333333333333,6.0,4.555555555555555,20,Asian,Male,Junior,0.3745819397993311,169.311299184,0.09038760117520596
88,1.0,2.1749122807017542,4.5,3.0,2.25,4.75,4.0,4.75,3.875,19,African American (or Black),Male,Sophomore,0.1170568561872909,166.488151212,0.0764544582054274
89,0.165,1.268333333333333,4.75,4.0,3.5,3.0,4.666666666666667,4.75,4.111111111111112,20,Prefer not to answer,Prefer not to answer),Senior,0.2976588628762542,163.784196586,0.09547874932204384
90,0.67,2.0538933333333333,4.0,4.0,4.0,4.0,4.0,4.0,4.0,18,Asian,Female,Freshman,0.3478260869565217,157.67574881899998,0.11487663261860177
91,0.665,1.8226086956521736,3.5,3.25,3.75,3.5,6.666666666666667,2.0,3.777777777777778,20,Asian,Female,Junior,0.2140468227424749,171.425867513,0.07638359188153314
92,0.665,1.1293103448275863,6.0,6.0,3.75,3.25,5.0,4.5,4.75,20,Asian,Female,Sophomore,0.4280936454849498,160.632932533,0.1329427364550991
93,0.5,1.564109589041096,6.0,7.0,4.5,2.75,6.666666666666667,5.5,5.402777777777779,19,Caucasian (or White),Male,Sophomore,0.1404682274247491,172.43316419399997,0.06470579730169455
94,1.0,5.102012195121951,3.0,4.0,3.75,3.75,4.666666666666667,3.25,3.736111111111111,20,Asian,Male,Junior,0.3110367892976589,165.89610938599998,0.08909246472587222
95,1.0,4.016097560975609,3.0,3.5,5.5,3.25,5.333333333333333,6.5,4.513888888888888,19,Hispanic American (or Latino),Female,Sophomore,0.3678929765886287,168.54767082900003,0.0972807906751802
96,0.165,3.5216666666666665,3.5,2.0,4.5,3.75,4.666666666666667,5.0,3.902777777777778,20,Asian,Male,Sophomore,0.3612040133779264,168.786825819,0.09371098867560079
97,1.0,2.4977828054298645,5.75,3.0,4.75,2.75,6.0,5.5,4.625,20,Caucasian (or White),Female,Junior,0.5117056856187291,162.444610735,0.11897696640038588
98,0.67,2.899809523809524,5.5,3.75,2.25,2.75,7.0,6.0,4.541666666666667,20,Asian,Female,Junior,0.157190635451505,170.665283345,0.06655945859461519
99,0.5,5.498378378378378,4.25,2.5,3.75,3.5,4.666666666666667,2.5,3.527777777777778,21,Asian American (or Pacific Islander),Female,Senior,0.3377926421404682,170.529157367,0.09131860195551243
100,0.67,2.8648,4.0,3.0,5.5,3.75,3.6666666666666665,2.5,3.736111111111111,20,Caucasian (or White),Male,Sophomore,0.391304347826087,162.844979151,0.11140629130522416
101,0.67,3.387333333333333,4.25,4.25,4.75,3.75,4.666666666666667,4.25,4.319444444444445,18,Asian,Female,Freshman,0.4180602006688963,160.30547278299997,0.11946881857527679
102,0.67,5.908245614035088,4.0,2.5,2.75,2.75,5.0,4.0,3.5,18,Prefer not to answer,Female,Freshman,0.2107023411371237,170.520832874,0.08133696750617479
103,1.0,2.75233870967742,4.75,3.5,3.0,3.5,5.333333333333333,4.0,4.013888888888888,21,Caucasian (or White),Gender queer/Gender nonconforming,Senior,0.2876254180602006,162.73333213,0.09682209029805072
104,0.165,0.1398305084745763,4.25,4.25,3.25,3.0,5.0,4.5,4.041666666666667,19 years old,Asian,Female,Freshman,0.3612040133779264,167.271830154,0.09787032313144804
105,1.0,5.070799999999998,4.25,5.0,4.25,4.75,5.0,4.75,4.666666666666667,19,Asian,Male,Sophomore,0.3377926421404682,167.669511015,0.09740542569393267
106,0.835,6.200537634408602,5.0,5.0,3.25,4.0,4.333333333333333,2.75,4.055555555555555,20,Caucasian (or White),Male,Junior,0.2909698996655518,171.41744761299998,0.0816810909573569
107,0.5,2.452857142857143,2.25,2.75,4.0,3.5,3.6666666666666665,4.25,3.402777777777778,21,Caucasian (or White),Female,Junior,0.1872909698996655,168.647587784,0.07566812998684642
108,1.0,4.620897435897436,4.5,5.0,5.75,3.75,3.6666666666666665,4.25,4.486111111111112,19,Hispanic American (or Latino),Male,Sophomore,0.2842809364548495,169.424617193,0.08001188069583445
109,1.0,9.124090909090908,5.0,4.5,4.0,2.5,2.6666666666666665,1.25,3.3194444444444446,21,Hispanic American (or Latino),Female,Senior,0.451505016722408,164.127404918,0.11131954178178292
110,0.835,4.790506329113924,5.75,3.75,4.25,4.5,5.666666666666667,5.75,4.944444444444445,21,Hispanic American (or Latino),Female,Senior,0.5284280936454849,158.37680693599998,0.1507957419140191
111,0.835,6.507446808510638,4.75,5.75,4.5,3.0,4.333333333333333,5.0,4.555555555555555,19,Asian,Male,Sophomore,0.2675585284280936,173.400483154,0.07407721860415739
112,0.835,4.993384615384617,4.0,1.5,6.25,5.5,7.0,6.75,5.166666666666667,18,Asian American (or Pacific Islander),Gender queer/Gender nonconforming,Freshman,0.3076923076923077,170.00326105300002,0.08767419838286711
113,1.0,4.364736842105264,6.25,4.5,3.75,2.75,6.666666666666667,1.75,4.277777777777778,18,Asian,Female,Freshman,0.5484949832775919,161.74239450699997,0.1399857161051695
114,0.835,5.719719626168223,6.25,3.25,2.75,5.75,5.333333333333333,6.0,4.888888888888888,20,Caucasian (or White),Male,Sophomore,0.2240802675585284,172.485958475,0.07105895896997216
115,0.835,5.667820512820513,3.0,3.25,3.5,3.5,4.333333333333333,2.25,3.305555555555556,19,Hispanic American (or Latino),Male,Sophomore,0.2107023411371237,172.467665263,0.06895080609879907
116,0.67,4.7864324324324325,6.0,6.5,3.0,4.25,5.0,4.0,4.791666666666667,19,Mixed race or ethnicity,Female,Freshman,0.5852842809364549,162.30382249099998,0.14218994864066897
117,1.0,3.914334763948498,4.25,5.0,5.75,3.5,7.0,5.25,5.125,18,Other,Female,Freshman,0.6220735785953178,158.825532093,0.1610701452096087
118,0.33,3.638333333333333,3.5,3.0,3.5,3.25,3.0,2.0,3.0416666666666665,32,Hispanic American (or Latino),Female,Junior,0.1672240802675585,171.281465057,0.06754218124317733
119,0.835,7.0825000000000005,4.0,4.75,2.0,3.5,5.0,5.0,4.041666666666667,20,Caucasian (or White),Female,Junior,0.2642140468227424,171.076267805,0.07626503027623234
120,0.5,4.439302325581396,6.25,4.0,4.25,4.25,4.333333333333333,2.25,4.222222222222222,21,Asian,Female,Senior,0.3210702341137124,164.259817334,0.0973830636572714
121,0.5,2.426805555555556,5.0,6.5,5.0,2.75,5.333333333333333,4.25,4.805555555555555,18,Asian American (or Pacific Islander),Male,Freshman,0.3645484949832775,168.089439944,0.09200176177343276
122,0.67,6.057222222222222,5.0,3.75,2.333333333333333,4.75,5.333333333333333,2.25,3.902777777777778,22,Caucasian (or White),Male,Senior,0.2374581939799331,160.45438374100002,0.1043516069980281
123,1.0,6.520633802816901,6.0,1.75,4.75,5.75,7.0,3.5,4.791666666666667,27,Hispanic American (or Latino),Female,Junior,0.6956521739130435,158.931950895,0.16971862900688703
124,0.67,4.6085365853658535,3.25,5.0,4.0,4.0,4.0,5.25,4.25,19,Asian American (or Pacific Islander),Female,Sophomore,0.3311036789297659,168.304600581,0.08931326213202867
125,0.67,2.1689795918367345,3.5,4.5,5.25,4.25,5.333333333333333,7.0,4.972222222222222,19,Caucasian (or White),Female,Sophomore,0.2441471571906354,172.364055248,0.07028952225633073
126,0.835,3.586875,5.0,5.0,4.25,5.25,5.0,3.75,4.708333333333333,21,Hispanic American (or Latino),Female,Senior,0.334448160535117,170.2651618,0.08161798134932534
127,0.67,4.872199999999999,2.25,1.75,2.75,5.0,2.6666666666666665,3.25,2.944444444444444,18,Asian American (or Pacific Islander),Female,Freshman,0.5016722408026756,166.84802521799998,0.10867094710929712
128,0.67,1.0801250000000002,4.25,2.75,4.25,3.25,5.0,5.75,4.208333333333333,21,Caucasian (or White),Female,Junior,0.3177257525083612,170.720634124,0.08082226842529236
129,0.5,4.46,4.5,4.25,3.5,2.0,4.333333333333333,4.25,3.8055555555555554,18,Hispanic,Female,Freshman,0.431438127090301,164.11761403499997,0.11690367849040097
130,0.67,2.374464285714285,5.5,4.0,3.5,3.25,5.333333333333333,6.25,4.638888888888888,21,Asian,Male,Senior,0.4247491638795986,164.24080491400002,0.10992820338391172
131,0.835,6.465703125,6.25,4.0,2.25,4.5,5.666666666666667,4.25,4.486111111111112,18,Asian American (or Pacific Islander),Male,Freshman,0.2642140468227424,169.289402152,0.08618951009063712
132,0.67,2.1835398230088496,5.0,4.5,4.75,4.75,6.0,5.5,5.083333333333333,37,Prefer not to answer,Prefer not to answer),Senior,0.3478260869565217,174.307684602,0.08564818619336978
133,0.67,4.759337748344372,6.25,5.5,2.75,5.75,6.666666666666667,5.5,5.402777777777779,20,Caucasian (or White),Female,Junior,0.217391304347826,172.789553532,0.07729589905310418
134,0.67,3.9990909090909095,3.75,5.25,5.0,5.0,5.333333333333333,3.333333333333333,4.611111111111111,18,Asian American (or Pacific Islander),,Freshman,0.3444816053511705,170.044454475,0.08349584295922151
135,0.165,1.6597333333333333,3.25,3.25,3.25,2.75,4.0,3.0,3.25,18,Asian,Male,Freshman,0.2709030100334448,166.826421579,0.08471793331765352
136,0.665,8.291337209302325,4.75,5.0,5.0,4.5,7.0,7.0,5.541666666666667,20,Asian,Female,Freshman,0.3311036789297659,168.674090226,0.09071930833787353
137,1.0,2.4865,5.25,3.75,3.5,5.0,5.0,5.5,4.666666666666667,21,Caucasian (or White),Female,Senior,0.1270903010033444,173.476177563,0.06110173636142168
138,1.0,3.4859259259259257,3.25,5.25,4.5,3.75,5.0,5.25,4.5,21,Caucasian (or White),Female,Senior,0.4347826086956521,168.42397255999998,0.0998161211016509
139,0.835,3.946058394160584,6.0,4.75,3.25,4.5,7.0,5.5,5.166666666666667,19,Asian,Female,Sophomore,0.3779264214046823,169.04121363099998,0.0978145483627585
140,1.0,6.583846153846155,3.75,2.5,4.75,3.75,4.666666666666667,1.5,3.486111111111111,20,Asian,Female,Senior,0.3946488294314381,169.204923813,0.09758878257781814
141,0.67,4.156847826086957,5.5,4.5,4.75,4.5,4.666666666666667,5.0,4.819444444444445,20,Asian American (or Pacific Islander),Male,Sophomore,0.3879598662207358,160.607501696,0.11413046300684117
142,0.67,3.3322592592592595,6.25,4.5,3.5,5.5,6.0,4.5,5.041666666666667,20,Caucasian (or White),Male,Freshman,0.3210702341137124,163.402979614,0.1017287502358331
143,0.835,3.396934306569343,4.25,4.0,5.25,3.0,5.333333333333333,5.5,4.555555555555555,19,Caucasian (or White),Female,Sophomore,0.217391304347826,172.225433271,0.07233873625315912
144,0.835,6.440895883777239,5.5,5.25,3.75,3.5,6.0,4.75,4.791666666666667,21,Hispanic American (or Latino),Female,Senior,0.4983277591973244,163.037936268,0.12204088684491256
145,0.665,4.119314516129032,3.5,3.5,2.0,3.0,4.333333333333333,4.0,3.388888888888889,23,Other,Male,Senior,0.391304347826087,169.581886392,0.09738663659662043
146,0.67,4.348245614035086,7.0,6.25,2.75,4.75,6.333333333333333,5.5,5.4305555555555545,20,Hispanic American (or Latino),Male,Junior,0.7525083612040134,160.72198068,0.15327379063071747
147,0.67,3.829347826086957,3.25,4.0,2.75,3.75,4.0,5.0,3.7916666666666665,20,Caucasian (or White),Female,Junior,0.3812709030100334,162.89615713700002,0.11202885068282684
148,0.835,5.281315789473684,6.5,4.0,2.75,6.0,7.0,6.75,5.5,20,Prefer not to answer,Female,Junior,0.217391304347826,172.197897462,0.06843881245684093
149,0.835,6.27438596491228,5.0,6.25,4.25,3.5,7.0,6.75,5.458333333333333,21,Mixed race or ethnicity,Female,Junior,0.2307692307692307,167.737651449,0.08063204251452884
150,0.835,6.691940298507462,4.0,4.0,4.0,2.5,4.0,5.75,4.041666666666667,19,Mixed race or ethnicity,Female,Sophomore,0.1538461538461538,169.45577340299997,0.06821287580030679
151,1.0,7.445727699530516,3.25,3.75,4.75,4.5,5.0,4.5,4.291666666666667,19,Asian American (or Pacific Islander),Female,Sophomore,0.3411371237458194,161.68409224299998,0.11841225029231785
152,0.67,5.923867924528302,4.75,6.5,4.75,3.25,5.0,4.5,4.791666666666667,21,Asian,Female,Senior,0.3645484949832775,168.069471935,0.09579668106858878
153,0.67,6.759677419354839,5.75,5.5,3.25,5.75,6.0,6.25,5.416666666666667,21,Asian,Female,Senior,0.354515050167224,170.39684005099997,0.09377541058325009
154,0.67,3.0417647058823527,3.25,2.0,4.5,4.75,5.666666666666667,5.25,4.236111111111112,19,Asian American (or Pacific Islander),Male,Sophomore,0.1337792642140468,173.403420907,0.0619584436416147
155,0.835,2.131756756756757,5.5,5.75,3.0,4.0,6.333333333333333,5.25,4.972222222222222,18,Hispanic American (or Latino),Female,Freshman,0.4247491638795986,159.359296926,0.1245041953225979
156,0.835,2.5249295774647886,6.0,5.25,3.75,6.0,6.666666666666667,3.0,5.111111111111112,19,Mixed race or ethnicity,Transgender,Sophomore,0.3779264214046823,169.12561194399998,0.09256447196286627
157,0.5,5.693090909090909,3.0,2.75,5.0,3.0,6.333333333333333,5.0,4.180555555555555,18,Asian American (or Pacific Islander),Female,Freshman,0.451505016722408,166.210442441,0.11339903562121131
158,1.0,3.8337982195845695,1.25,1.5,1.25,4.0,4.333333333333333,4.25,2.763888888888889,19,Asian American (or Pacific Islander),Female,Sophomore,0.197324414715719,170.706892772,0.06708178611091675
159,0.165,4.859285714285715,4.5,3.5,4.25,4.5,6.0,3.5,4.375,23,Caucasian (or White),Male,Senior,0.3110367892976589,170.005395274,0.08932744175134973
160,1.0,10.84607638888889,5.5,3.75,3.25,3.5,4.666666666666667,4.75,4.236111111111112,19,Hispanic American (or Latino),Female,Sophomore,0.334448160535117,166.309565985,0.09843698153404251
161,0.5,4.875825242718448,4.75,4.0,4.0,4.25,7.0,4.75,4.791666666666667,18,Caucasian (or White),Female,Freshman,0.3244147157190635,162.117144522,0.09919873602434696
162,1.0,3.616153846153847,6.0,3.25,4.25,4.25,5.333333333333333,4.5,4.597222222222222,21,Caucasian (or White),Male,Senior,0.411371237458194,168.327643725,0.10502743492099224
163,0.33,3.1018918918918925,6.0,4.0,2.25,4.25,6.333333333333333,2.25,4.180555555555555,18,Asian American (or Pacific Islander),Male,Freshman,0.2408026755852843,173.691281148,0.07368557498175234
164,0.5,2.1413333333333338,4.0,2.75,2.75,3.0,6.0,6.5,4.166666666666667,20,Caucasian (or White),Female,Sophomore,0.451505016722408,164.60686666200002,0.11009098847987576
165,0.67,2.024949494949495,3.75,5.0,3.25,3.25,2.6666666666666665,2.75,3.4444444444444446,19,Asian American (or Pacific Islander),Female,Sophomore,0.177257525083612,171.573388401,0.07164337563675766
166,1.0,3.5989393939393937,4.25,3.25,4.5,3.75,4.333333333333333,4.25,4.055555555555555,20,Asian,Female,Junior,0.4247491638795986,166.511872771,0.10742842163816849
167,1.0,1.339313725490196,3.75,2.0,2.75,2.75,3.6666666666666665,3.5,3.069444444444444,24,Mixed race or ethnicity,Female,Senior,0.3277591973244147,166.87102750399998,0.09689019624284093
168,0.67,2.8581818181818184,5.0,4.0,3.5,2.25,5.666666666666667,4.0,4.069444444444445,20,Caucasian (or White),Female,Sophomore,0.5953177257525084,160.04848346900002,0.1645020506161309
169,0.335,0.8793877551020408,3.75,5.5,2.0,4.5,6.333333333333333,4.0,4.347222222222222,20,Asian,Female,Freshman,0.1872909698996655,172.111039593,0.07300058981179385
170,0.665,6.519564315352697,4.75,7.0,6.0,5.0,6.666666666666667,7.0,6.0694444444444455,19,Hispanic American (or Latino),Gender queer/Gender nonconforming,Sophomore,0.471571906354515,166.410456174,0.10469988263076935
171,0.835,3.3155084745762715,4.75,6.0,4.5,5.75,6.0,4.0,5.166666666666667,18,Hispanic American (or Latino),Female,Freshman,0.4615384615384615,164.825792918,0.1107174987005572
172,0.835,3.4929032258064523,4.5,6.0,3.5,3.25,4.333333333333333,5.0,4.430555555555555,22,African American (or Black),Female,Senior,0.0969899665551839,177.667226697,0.05444166133659772
173,0.665,0.9131355932203392,5.5,6.5,3.25,5.0,7.0,6.5,5.625,19,Caucasian (or White),Female,Sophomore,0.2742474916387959,171.530570493,0.08185934090562012
174,0.5,2.905613026819924,4.0,4.0,4.25,4.25,4.0,4.25,4.125,20,Asian,Female,Freshman,0.1103678929765886,174.545604514,0.05399629223232945
175,1.0,5.111638418079097,5.0,2.0,6.25,6.25,6.333333333333333,5.0,5.138888888888888,18,Hispanic American (or Latino),Female,Freshman,0.3712374581939799,170.335822536,0.08837900850870327
176,0.67,2.7765957446808507,5.0,3.0,2.5,3.0,4.0,3.75,3.5416666666666665,18,Hispanic American (or Latino),Female,Freshman,0.1070234113712374,171.338500728,0.05978478656768087
177,0.665,2.674387755102041,4.75,4.5,5.0,5.5,6.0,5.75,5.25,19,Hispanic American (or Latino),Female,Sophomore,0.4180602006688963,165.938671007,0.10827626118670688
178,1.0,5.211521739130435,4.0,5.75,5.5,3.75,6.333333333333333,6.5,5.305555555555555,23,Hispanic,Male,Senior,0.2374581939799331,171.356811633,0.07933279285149744
179,0.835,7.514651162790697,3.0,2.5,4.0,4.25,5.0,5.0,3.9583333333333335,18,Asian American (or Pacific Islander),Female,Freshman,0.3779264214046823,165.843923809,0.09945282531826238
180,0.835,2.02873417721519,3.75,4.75,4.5,4.5,5.666666666666667,6.25,4.902777777777778,21,Asian American (or Pacific Islander),Female,Senior,0.2006688963210702,171.035236706,0.06638946639621157
181,0.5,2.7312000000000003,5.0,4.0,2.75,4.0,4.0,4.0,3.9583333333333335,19,Caucasian (or White),Female,Freshman,0.2675585284280936,165.326355454,0.0854579816549865
182,0.5,1.1788636363636364,5.75,3.25,4.5,4.0,5.333333333333333,6.0,4.805555555555555,20,Caucasian (or White),Male,Sophomore,0.3678929765886287,167.109697666,0.10054820350289131
183,1.0,5.116538461538461,5.25,3.5,4.0,4.0,5.666666666666667,5.5,4.652777777777778,18,Mixed race or ethnicity,Male,Freshman,0.294314381270903,167.457788482,0.0922001059140268
184,0.835,7.185499999999999,5.75,4.25,3.75,4.0,4.666666666666667,3.5,4.319444444444445,19,Hispanic American (or Latino),Male,Sophomore,0.3444816053511705,169.475552226,0.092067818350166
185,0.67,9.300514950166113,3.75,4.5,4.5,3.75,3.6666666666666665,2.75,3.8194444444444446,21,Asian,Male,Sophomore,0.1939799331103679,170.35588738500002,0.07121965752145067
186,1.0,6.461625,5.0,5.5,4.25,5.75,5.666666666666667,1.75,4.652777777777778,18,Hispanic American (or Latino),Male,Freshman,0.4180602006688963,160.96576451599998,0.1231793835284524
187,0.67,2.696402877697841,3.0,3.0,3.75,4.0,4.666666666666667,4.5,3.8194444444444446,21,Asian American (or Pacific Islander),Male,Senior,0.1705685618729097,173.109065736,0.06873820470660727
188,0.67,2.160701754385965,5.25,5.25,5.75,5.0,5.0,3.75,5.0,18,Caucasian (or White),Male,Freshman,0.4080267558528428,165.83282240399998,0.1096121983845717
189,0.67,1.6213043478260871,5.0,4.0,3.25,4.75,4.666666666666667,3.5,4.194444444444445,20,Asian,Female,Junior,0.3277591973244147,167.623483791,0.09378053050266758
190,0.835,5.803409090909089,4.75,6.25,5.0,4.75,5.666666666666667,4.75,5.194444444444445,18,Asian American (or Pacific Islander),Female,Freshman,0.3946488294314381,171.736346374,0.0885520188042658
191,0.33,5.6234020618556695,6.25,5.25,5.75,5.5,6.333333333333333,3.5,5.4305555555555545,21,Asian,Male,Sophomore,0.3377926421404682,171.06327406999998,0.09675325010363134
192,0.665,3.975333333333334,4.75,2.5,4.75,4.5,6.0,6.25,4.791666666666667,22,Asian American (or Pacific Islander),Female,Senior,0.5183946488294314,165.163480348,0.11129766951566397
193,0.33,4.867083333333334,6.0,4.75,5.5,5.25,5.666666666666667,3.75,5.152777777777778,19,Mixed race or ethnicity,Male,Sophomore,0.2775919732441471,158.366927954,0.09941806235323462
194,0.5,2.8751322751322745,5.0,3.5,3.0,4.25,5.666666666666667,5.5,4.486111111111112,21,Caucasian (or White),Female,Senior,0.3779264214046823,166.291150685,0.09726011361584008
195,1.0,4.12187969924812,5.5,3.75,4.0,4.5,5.0,6.25,4.833333333333333,21,Caucasian (or White),Female,Senior,0.1605351170568562,170.26118133,0.07233310536836156
196,1.0,10.554611111111113,5.5,5.25,3.5,5.5,4.666666666666667,3.5,4.652777777777778,19,Asian,Female,Sophomore,0.3578595317725752,168.85894004300002,0.09735449899003906
197,0.67,1.1207142857142858,6.0,3.5,2.75,5.5,5.0,5.0,4.625,18,Asian,Male,Freshman,0.2842809364548495,169.004036815,0.08656905515135573
198,1.0,4.160681818181818,3.5,5.25,6.75,4.5,5.0,6.5,5.25,19,Hispanic American (or Latino),Gender queer/Gender nonconforming,Sophomore,0.3478260869565217,168.596589226,0.09281491374834537
199,0.5,2.241104651162791,4.5,6.25,4.75,4.25,6.666666666666667,6.0,5.402777777777779,21,Asian,Female,Senior,0.2207357859531772,172.20305551,0.07969056323976796
200,1.0,1.0443442622950825,5.0,6.0,5.0,3.5,6.0,2.75,4.708333333333333,188,Asian American (or Pacific Islander),Female,Freshman,0.2474916387959866,169.909007007,0.08032145894587905
201,0.665,4.8172052401746726,4.0,4.0,4.25,4.25,4.666666666666667,3.25,4.069444444444445,19,Asian,Male,Sophomore,0.3678929765886287,167.67708998400002,0.09653865123811198
202,0.835,6.853521126760563,5.75,4.75,6.75,5.25,7.0,5.0,5.75,20,Other,Male,Junior,0.2809364548494983,167.723077795,0.08504035213262402
203,0.835,3.334054054054054,4.75,3.25,2.0,3.75,5.333333333333333,5.25,4.055555555555555,22,Asian American (or Pacific Islander),Female,Sophomore,0.197324414715719,171.15396863600003,0.0729281821456359
204,0.835,6.716730769230769,6.5,5.75,3.75,5.0,6.333333333333333,2.75,5.013888888888888,18,Hispanic American (or Latino),Female,Freshman,0.2809364548494983,167.899960992,0.09316153712150785
205,0.67,4.114137931034483,4.0,6.0,3.5,3.75,7.0,6.0,5.041666666666667,18,Caucasian (or White),Female,Freshman,0.3979933110367893,168.82709106599998,0.1028925397732624
206,0.67,3.8514516129032255,5.25,5.0,3.5,5.0,5.666666666666667,5.75,5.027777777777778,20,Hispanic American (or Latino),Female,Junior,0.2508361204013378,170.046388025,0.08295386573589535
207,0.67,1.9572093023255812,5.5,3.5,2.5,2.5,4.666666666666667,2.75,3.5694444444444446,20,Hispanic American (or Latino),Female,Junior,0.2541806020066889,170.099740855,0.08105752341308092
208,0.67,1.9173972602739728,2.5,1.75,3.25,2.0,5.0,5.0,3.25,18,Asian,Female,Freshman,0.2775919732441471,167.08526333199998,0.09438963843014554
209,0.835,2.611428571428571,4.75,1.0,5.75,6.5,6.0,3.25,4.541666666666667,20,Hispanic American (or Latino),Female,Junior,0.4983277591973244,162.95917392899997,0.11384536670025172
210,1.0,2.3132500000000005,4.0,3.5,4.5,5.0,6.333333333333333,5.0,4.722222222222222,18,Asian,Female,Freshman,0.3678929765886287,168.145888039,0.09091628996338527
211,0.5,2.142068965517242,4.75,5.5,4.0,4.75,4.666666666666667,5.0,4.777777777777778,18,Caucasian (or White),Male,Freshman,0.431438127090301,161.567261056,0.12923138924126598
212,1.0,5.330625,6.25,3.75,3.5,3.25,4.0,1.0,3.625,19,Asian American (or Pacific Islander),Male,Sophomore,0.1003344481605351,174.436405663,0.055486232767060176
213,0.665,2.5780701754385964,3.5,2.75,2.5,3.75,6.333333333333333,3.25,3.6805555555555554,19,Asian American (or Pacific Islander),Female,Sophomore,0.5217391304347826,166.739831539,0.11319095326486213
214,1.0,3.473653444676409,5.75,3.25,2.5,6.25,3.333333333333333,1.5,3.763888888888889,21,Asian American (or Pacific Islander),Female,Sophomore,0.3444816053511705,167.654007535,0.09003591653417885
215,0.835,2.18696,6.0,6.75,4.0,4.5,7.0,7.0,5.875,20,Asian American (or Pacific Islander),Male,Junior,0.2240802675585284,166.050514155,0.08136256982373981
216,1.0,5.934343749999999,4.75,2.25,3.75,3.75,6.0,4.75,4.208333333333333,21,Hispanic American (or Latino),Male,Senior,0.3511705685618729,168.826150722,0.09399645972628418
217,0.5,2.145379061371841,5.25,4.25,4.0,5.75,6.0,4.5,4.958333333333333,18,Asian American (or Pacific Islander),Female,Freshman,0.1371237458193979,172.057008343,0.06441011404070723
218,0.5,2.456966292134832,5.75,6.5,5.75,3.75,6.0,3.0,5.125,18,Prefer not to answer,Female,Freshman,0.2642140468227424,171.229037946,0.08026313320376265
219,1.0,3.96,4.0,4.0,4.0,4.0,4.0,4.0,4.0,20,Asian,Male,Junior,0.0869565217391304,170.323433333,0.056065167411294754
220,0.67,3.7961666666666662,5.5,3.25,3.5,3.0,6.333333333333333,5.25,4.472222222222222,19,Hispanic American (or Latino),Female,Sophomore,0.1939799331103679,170.412285578,0.06976464316158537
221,1.0,2.601914893617021,5.0,2.75,5.5,3.0,4.333333333333333,5.25,4.305555555555555,19,Asian American (or Pacific Islander),Female,Sophomore,0.1872909698996655,167.668506038,0.07911768958620184
222,0.5,3.094411764705882,4.0,3.0,2.25,2.75,5.0,2.5,3.25,21,Hispanic American (or Latino),Female,Junior,0.5250836120401338,159.596786064,0.1375709154388047
223,0.665,4.374228187919464,5.5,2.5,3.75,2.5,5.0,3.75,3.8333333333333335,18,Hispanic American (or Latino),Female,Freshman,0.3177257525083612,165.98790312900002,0.08465180339547053
224,0.835,2.8689361702127663,5.0,5.75,3.25,3.0,5.333333333333333,4.0,4.388888888888888,19,Caucasian (or White),Female,Sophomore,0.157190635451505,176.33053830999998,0.06195686886963841
225,1.0,9.486375838926175,5.75,6.0,5.0,5.25,4.666666666666667,1.75,4.736111111111112,19,Hispanic American (or Latino),Female,Junior,0.1739130434782608,173.854377231,0.06765410294516454
226,0.835,8.084086021505374,5.25,6.25,3.25,4.5,6.0,4.25,4.916666666666667,18,Hispanic American (or Latino),Gender queer/Gender nonconforming,Sophomore,0.2675585284280936,167.692743456,0.07660983987223652
227,0.67,3.447600000000001,4.0,5.0,3.5,3.5,4.333333333333333,3.5,3.972222222222222,23,Asian,Female,Junior,0.5050167224080268,163.651851874,0.12001302066429839
228,0.67,1.3632000000000002,6.0,5.25,3.0,5.0,6.0,4.25,4.916666666666667,22,Asian American (or Pacific Islander),Female,Senior,0.3478260869565217,165.694053593,0.10379098813121455
229,0.835,0.8514503816793892,6.0,3.75,1.75,4.75,4.0,1.5,3.625,25,Hispanic American (or Latino),Male,Senior,0.1270903010033444,169.05608006,0.059697451328746605
230,1.0,5.518796680497926,6.25,2.5,3.0,3.75,2.333333333333333,4.25,3.6805555555555554,20,Asian,Female,Junior,0.2876254180602006,168.674467744,0.08688961827269402
231,0.67,5.616915887850468,7.0,5.0,4.25,6.0,5.666666666666667,6.0,5.652777777777779,21,Caucasian (or White),Female,Junior,0.2642140468227424,171.279151145,0.0791730596690073
